county_code,unemployment,0-14,65-,no-education,primary,tertiary,religious,kan,zeleni,svobodni,pb,kdu-csl,suverenita,lev,spoz,non-voters,kscm,ano,hlavu-vzhuru,soukromnici,pirati,ods,usvit,dsss,zmena,aneo,kc,obcane-2011,cssd,rds,top-09
kutna-hora,10.48,0.138,0.164,0.0055141250078998925,0.18351450420274285,0.08994817670479681,0.10668355947904747,0.0,0.01294838720278686,0.012915523275876235,0.0,0.026488325089965,0.002103291322280099,0.0003943671229275186,0.007262927847248467,0.39702910100727934,0.1028476592668058,0.11405425834332944,0.004666677621308971,0.001495308674433508,0.016037596332385756,0.03979821548876875,0.043363951558571735,0.0037136237409008004,0.0021854511395566654,0.000295775342195639,0.001314557076425062,0.0,0.15189707018091592,0.000476526940204085,0.058711405425834334
klatovy,9.07,0.141,0.165,0.0033317014795474324,0.18880548302872063,0.08971116187989556,0.1417306301472132,0.0,0.011707467541572026,0.010655898600712263,0.0,0.04012787078320855,0.002523765458063431,0.0006449622837273212,0.005874765149603208,0.40476991671573986,0.09709486553938476,0.10679734163371751,0.0018788031743361094,0.0018227194974902554,0.019671349653683296,0.06341661759344942,0.03233223970163484,0.005790639634334427,0.0031687277417907517,0.0,0.0015703429516839124,0.0,0.12660890047951542,0.0,0.0635428058663526
kromeriz,11.59,0.137,0.162,0.005370663849269238,0.18453953160767742,0.10292304983271702,0.22641116236774053,0.0,0.011559973732478884,0.013586648853060393,0.0,0.060766286995312606,0.0013813093000611398,0.0004189216729693621,0.013269627046488984,0.3887253458934354,0.10383596385951405,0.11413917257308485,0.001483209166459093,0.00104164307873463,0.0103937863725912,0.030717148615294038,0.07015239691130183,0.004223183351826272,0.0013360204705509385,0.0,0.0016530422771223478,0.0,0.13009216276805327,0.0,0.04122415706166074
louny,13.29,0.154,0.140,0.008387543252595156,0.22202076124567474,0.07526643598615917,0.06018241363524316,0.0,0.01097708942973378,0.011305402897723218,0.0,0.01097708942973378,0.001955606309328385,0.0010848618942259653,0.008364856184426521,0.4635072443080437,0.12889872243237457,0.10770109199914353,0.0019841553065448577,0.002926272214688459,0.011662265362929128,0.03288844479337663,0.03905502819213475,0.008307758189993577,0.00236956676896724,0.0,0.0012847048747412747,0.0,0.1115694811219756,0.0,0.043180358289915066
mlada-boleslav,5.07,0.146,0.143,0.004383058484957495,0.16708635477213776,0.0918738285021868,0.06538949854034078,0.0,0.01999600290315455,0.013590129274526923,0.0,0.015567640345433316,0.003071453365450357,0.0004312657122721392,0.0051962258990838235,0.4099759122321682,0.0809306924444351,0.12026002166847237,0.0038287980309038698,0.0017250628490885567,0.015472972262251628,0.0660678033849099,0.047313004239026395,0.004670292103629995,0.0026296689772691414,0.00039970968454490946,0.0011149796463621158,0.0,0.11772502077438492,0.0003576349809086032,0.06967570922172317
ostrava-mesto,12.77,0.141,0.158,0.005191198461867123,0.18641315958128604,0.143562629067863,0.1256771098528302,0.0,0.014842017532109956,0.010585495081186468,0.0,0.028817103481120983,0.0008297242190174279,0.0003237040675090414,0.011411498563795747,0.46433302079147504,0.09316723966007352,0.09785908827075054,0.00524995907189951,0.0006213629801610335,0.012862585762974207,0.03227366760429224,0.04070113556875177,0.008475837537765474,0.0028798499799080235,0.0,0.0008966974743641261,0.0,0.13668125195338662,0.0,0.03718876039945826
brno-venkov,8.24,0.156,0.156,0.0031695357089539383,0.17544987884564592,0.1258340127929811,0.20612215220552593,0.0,0.018521857233860985,0.016460534381422854,0.0,0.06673758098054063,0.0012019375232875395,0.0003004843808218849,0.009453238620656498,0.3609899157441796,0.09168980396398996,0.11546412817461749,0.0017608384716162454,0.001430305652712172,0.015288645296217502,0.04268681113955697,0.041911561437036504,0.004519285087561149,0.0018449740982463732,0.0,0.0012379956489861658,0.0,0.13927451051094364,0.0,0.06922559165374584
ceska-lipa,11.87,0.158,0.125,0.006679288326532532,0.2042592222392079,0.06885076259128164,0.051510580015085954,0.0,0.014465288106318669,0.010782996689536055,0.0,0.010890946600777239,0.0020630427481648514,0.0004078107758000288,0.006321067024900446,0.48536678980952835,0.10095715587967183,0.10857362183946649,0.002590797869788418,0.0017271985798589455,0.01728398023317181,0.02919445377344912,0.04349181979561483,0.006872811015688721,0.006476994674471046,0.0,0.0,0.0,0.09957779590270115,0.0009235714628412417,0.05203185721825073
chrudim,10.26,0.147,0.160,0.006360311655271109,0.18703859346250823,0.08495559139540694,0.1505537844358957,0.0008260561718196837,0.012921878687750767,0.013629926835024782,0.0,0.04761623790417748,0.00240736370073165,0.0003186216662733066,0.015718668869483126,0.3806348831720557,0.10099126740618362,0.139155062544253,0.002218550861458579,0.0016875147510030683,0.015683266462119424,0.04070096766580127,0.03886004248288884,0.0060302100542836915,0.002537172527731886,0.0,0.0007080481472740147,0.0,0.12379041774840689,0.0,0.05356384234127921
pardubice,7.16,0.140,0.165,0.0029493036749150695,0.15192359374030967,0.127137039257437,0.09368672924719308,0.0007319113341698034,0.0189400728923941,0.016706996474876022,0.0,0.030658122722112685,0.0015907868793690627,0.0005003883611160901,0.011157913604588636,0.3772256079345163,0.08651490709207146,0.13874200872318815,0.00227788731552847,0.002852960506661887,0.01636344625679632,0.04793272390512039,0.0382012905538627,0.00547439804027006,0.0039582959909183245,0.0,0.0008588755451992592,0.0,0.12399175479476608,0.0,0.07531965107247415
prachatice,7.54,0.151,0.142,0.00612369871402327,0.20010363182439117,0.08521362287436997,0.1506498700259948,0.0,0.012025012025012025,0.013708513708513708,0.0,0.041534391534391535,0.0017556517556517556,0.00016835016835016836,0.006421356421356422,0.4338864838864839,0.10298220298220298,0.0874939874939875,0.0021164021164021165,0.002837902837902838,0.012938912938912939,0.05055315055315055,0.041606541606541605,0.005555555555555556,0.0032227032227032226,0.0,0.0012506012506012505,0.0,0.11878306878306878,0.0,0.061159211159211156
havlickuv-brod,10.06,0.144,0.163,0.004832234722704069,0.17698369430539723,0.08776081677157159,0.17043633314582293,0.0,0.0172335893629381,0.01120506034983541,0.0,0.05393403472535984,0.0020783579681146326,0.00028399922545665785,0.010069063448008779,0.3726069837991351,0.11078551603950171,0.10781643322790938,0.0016394500742270702,0.0021041760795197833,0.014432324275479249,0.05161040469889627,0.036829535919447494,0.0035758084296133737,0.0021041760795197833,0.0006454527851287678,0.0,0.0,0.14460724198024916,0.0,0.05643839153165946
hodonin,14.92,0.135,0.157,0.003654329207396423,0.21587022970069303,0.08665224101927792,0.3101647903410018,0.0,0.010672771285604907,0.01131468434118839,0.0,0.08308520429076341,0.001245156649987239,0.0002010811981345852,0.019574481249178273,0.4151089318721433,0.09235040718942622,0.09649577342789306,0.0013611650335264229,0.001245156649987239,0.013132149016635602,0.030920101159310445,0.04621000610977487,0.003317839769220656,0.0022814982096039473,0.0,0.0015390445549531714,0.0,0.13186286262287222,0.0,0.03808168536979606
znojmo,15.13,0.146,0.144,0.007775346155464837,0.2295042296199655,0.07859517697066622,0.1768360567426827,0.0,0.009677734693212552,0.01049235882563785,0.0,0.04809540877838965,0.0012382286812864544,0.0004996361345541834,0.0089934504219753,0.43331486851966505,0.11427547329662094,0.10410896412395321,0.0009884106140093628,0.0009775489589103588,0.01125267468256813,0.029956444763052995,0.04025329379690877,0.0033671130806912355,0.0020202678484147413,0.0,0.0008689324079203189,0.0,0.1438626217863078,0.0,0.03575656858592112
teplice,12.97,0.154,0.142,0.007626150012179355,0.22246997320541886,0.071764507485619,0.05110041594288355,0.0,0.014554794520547944,0.00982643212951432,0.0,0.01043936799501868,0.00193609900373599,0.001002101494396015,0.007919520547945206,0.5148077521793275,0.0953358499377335,0.09704817870485678,0.0023739103362391033,0.001692870485678705,0.010604763387297635,0.0335168897882939,0.03771014943960149,0.013659713574097137,0.0031619707347447074,0.0,0.0010312889165628892,0.0,0.09902319427148194,0.0,0.044355152552926526
nymburk,9.32,0.159,0.153,0.0037243947858473,0.16853511304413032,0.10162098658967918,0.09191222966991273,0.0,0.02134154434210177,0.016337960873835374,0.0,0.02414195843176811,0.0025880604146205507,0.00034507472194940673,0.0063042497279218535,0.40128208531308895,0.08328245693202029,0.12751838186499614,0.003344570381971173,0.0019111830754120988,0.015249648289225705,0.051522310407984495,0.042364558171634856,0.004831046107291694,0.002229713587980782,0.00039816314071085393,0.0019775435988639077,0.0,0.11632999761102115,0.0005441562923048337,0.076155336713296
plzen-jih,5.76,0.145,0.159,0.006690463286549926,0.20177913995776411,0.07454820684370854,0.08136049624132459,0.0,0.012544802867383513,0.012162216584108574,0.0,0.02192823486770569,0.0017518424549957715,0.0019129314163746928,0.006201925013088478,0.41724054609157907,0.10152631790906529,0.11280254520558979,0.0018525230558575974,0.0025170150215456486,0.016753251983407838,0.058857879263823444,0.0308888083444082,0.006564375176191051,0.003845998952921751,0.0,0.0013893922918931981,0.0,0.13517377471708752,0.0,0.0540856187829729
domazlice,7.75,0.149,0.147,0.004004947287826138,0.20397746235545872,0.06947798260596423,0.13136201314955112,0.0,0.009553285876405653,0.008583513875992984,0.0,0.03309604869493449,0.0017744764262870112,0.0009904054472299599,0.004807593108428763,0.44855050036108535,0.0960693283813061,0.09070463220881048,0.0034045187248529867,0.0027236149798823893,0.015268750644795213,0.06487155679356237,0.033983286908077996,0.006107500257918085,0.0018776436603734653,0.0,0.0012999071494893223,0.0,0.12928917775714432,0.0,0.047044258743423086
rakovnik,9.42,0.140,0.152,0.006961047754057085,0.1962423037048008,0.08294014345259505,0.05209753968686924,0.0,0.02411264564307886,0.012798596428089433,0.0,0.012011336542354582,0.0029466012866075845,0.00029241081470151605,0.006612983040172747,0.4150659048990058,0.11813396913941247,0.11131854784290791,0.003171532682531828,0.001956903144540915,0.016464978181654596,0.04060011696432588,0.0368212695127986,0.004498627918484862,0.0018669305861712178,0.00026991767510909173,0.0013270952359530344,0.0,0.13430653650636556,0.0005848216294030321,0.05483827432633047
karvina,14.43,0.138,0.155,0.005804811513555889,0.2133778021470099,0.09192084430326401,0.16687597993712802,0.0,0.009286830938732971,0.006532420159309164,0.0,0.025971488126256236,0.000851447926747562,0.0006002009975433634,0.014790999776669396,0.48209632993374524,0.11218175388967468,0.08279982133551701,0.002144904340058066,0.0006048537184545522,0.011682982207995235,0.021514181493337305,0.0354676915059927,0.005313407280577682,0.0017633812253405792,0.0,0.0008607533685699397,0.0,0.16449694781508226,0.0,0.02103960396039604
jicin,8.36,0.141,0.163,0.004069606312995026,0.17868343130533718,0.08613270709045029,0.08597023914079947,0.0,0.01702330883825546,0.01523624655297253,0.0,0.030056538953336105,0.00221842214724777,0.0005700112461678298,0.007240683397267027,0.38924065258584833,0.09123261080556454,0.1317496264115481,0.002110582181756559,0.0017562508665711512,0.015220840843616645,0.039330775985580255,0.05131641786446057,0.005453621111984101,0.004329004329004329,0.0008319083052179138,0.0,0.0,0.11434117483939547,0.0,0.0807413227342053
nachod,8.10,0.151,0.167,0.0043213725195106745,0.18781845935544902,0.08242856835723346,0.1399817434961205,0.0,0.016841172234225252,0.014724945986371946,0.0,0.06268904769818846,0.002382139493656861,0.0008974572045870035,0.005196388011744502,0.4074455708824996,0.07103207578527505,0.11325688327516481,0.0018946318763503407,0.0018059941277491552,0.01329566229017783,0.04046313223644119,0.050024929366794084,0.005096670544568168,0.004010858124203646,0.0004764278987313722,0.0,0.0,0.11475264528280982,0.0,0.07371336768046091
praha,6.67,0.128,0.164,0.0022077272246304163,0.10162270641173485,0.23608154422538546,0.10955661903095533,0.0,0.04110134419012843,0.02377364753818266,0.00132889428401888,0.03476929852823602,0.0008656797050180133,0.0004078891843192644,0.005887272881118745,0.3637481978566291,0.05421346272966819,0.10475375317714215,0.0028107470121574844,0.0008005910053925987,0.023135778281853595,0.0763468750372904,0.02034889712622543,0.0026827392362275024,0.004774256117524156,0.00021262308544302082,0.0013071980508104085,0.0004935893054927269,0.08967921034389614,0.0,0.14655805532322505
zlin,8.76,0.140,0.165,0.0031404847588730913,0.18418271022612712,0.1278311714496942,0.2733768006383604,0.0,0.014664275248825341,0.016539938362047188,0.0,0.07905572677209115,0.0012441267114636488,0.0002589299247208609,0.01987445056333047,0.37671146364876473,0.06657025210933158,0.11756681655130602,0.0024882534229272975,0.0012378113474460668,0.012895973323902389,0.03434294952761077,0.06517455666144596,0.0024819380589097156,0.0020209164856262317,0.0,0.001420956903955944,0.0,0.11490173293588643,0.0,0.07054893144040822
decin,14.77,0.155,0.141,0.010319414834962876,0.22492281114460044,0.061741895170183046,0.05138395144138969,0.0,0.011548636066257691,0.011131443958773834,0.0,0.013236367773806025,0.0024178178956450833,0.0004361553850967601,0.0070922658272255775,0.4843315918723392,0.09420008154209374,0.11379862895502858,0.003328055221064409,0.001355874349322537,0.013994898878322129,0.03106184872993448,0.04175713730361156,0.012468355030483469,0.006551812415257853,0.0,0.0010998701015483515,0.0,0.1084794295846094,0.0,0.0417097291095793
kolin,10.28,0.149,0.160,0.005387904703726329,0.18085522296884546,0.0891386682956628,0.07997833355902542,0.0,0.01698738190676273,0.01578872749300785,0.0,0.024024643303646228,0.0019204248134352404,0.0006444378568574632,0.008893242424632993,0.4062020699343962,0.09862476961346617,0.12083209816077435,0.0028870815987214354,0.001559539613595061,0.014860736979133102,0.04213334708134095,0.0456262002655084,0.004588397540825138,0.0022297549847268227,0.00041244022838877645,0.0015724283707322102,0.0,0.12398984365937593,0.0004253289855259257,0.06579710518514699
jihlava,9.19,0.147,0.153,0.003630650332278817,0.17849635873373107,0.09889806577634344,0.18288666509835147,0.0,0.022734507931280533,0.014523299851803062,0.0,0.06004720346890609,0.002272353038037214,0.0006257204017783633,0.010582359075690214,0.38574016136999834,0.09817223777375268,0.08964268071793183,0.0020967122235029364,0.0013063285580986882,0.017092046764366868,0.04406388934628684,0.051166364784016684,0.0054448652505625994,0.0035347713925023326,0.0008013612163126407,0.0,0.0,0.12683462319556507,0.0,0.063318513639607
litomerice,11.55,0.151,0.152,0.007685772824946279,0.19695167657788215,0.08337414422067863,0.06383976534388376,0.0,0.015365252504064187,0.014410823850228119,0.0,0.01730557449263202,0.0021920394357333893,0.0005453878021920394,0.008222769940741517,0.43891132204100897,0.11577953746919083,0.11104934710787141,0.002779380145786355,0.002066180712150611,0.014106665268236404,0.042278042896848285,0.03886936913314804,0.007719335046410404,0.00302060936598668,0.0,0.0017200692222979705,0.0,0.10689600922963972,0.0,0.056762284335833024
uherske-hradiste,10.26,0.139,0.164,0.00548393462031769,0.2043361725918374,0.10572401091853849,0.3778124933730128,0.0,0.012299965951651344,0.013491658154579502,0.0,0.09934456928838951,0.0010640108954715697,0.00028941096356826693,0.018530813755532855,0.37969867211440245,0.09024514811031666,0.09371807967313585,0.0015406877766428327,0.001361933946203609,0.012095675859720803,0.0345846101464079,0.059678243105209396,0.0029366700715015323,0.0013193735103847464,0.0,0.0011661559414368403,0.0,0.12209737827715356,0.0,0.05453694245829077
tachov,10.68,0.150,0.125,0.006885186690144024,0.2361280418980541,0.05770012190166599,0.06762717414334418,0.0,0.013007660066483595,0.0073228308522426165,0.0,0.018042106277400397,0.003227826757238522,0.0004335886688827865,0.004721298838945898,0.498916028327793,0.11663535192946958,0.08522426169484994,0.0016861781567663922,0.0011803247097364744,0.016861781567663922,0.03936021583080407,0.03348268054150407,0.006696536108300814,0.001613913378619261,0.0,0.001565736859854507,0.0,0.11617767500120442,0.0,0.03384400443223973
kladno,9.20,0.151,0.154,0.005601765404854863,0.18823112633124958,0.10325994700833253,0.05946510998180089,0.0,0.018942402018031487,0.016458790738232042,0.0,0.014956166985876894,0.0017673346724591645,0.0003036389965899005,0.0058547827034770555,0.4388673486865667,0.10070693386898366,0.1129459211161458,0.0038071658803195216,0.001331340215817256,0.015010666292957133,0.04532785226016412,0.033828498466233786,0.006228492237741549,0.0020242599772660034,0.0004048519954532007,0.0013235546005200792,0.0,0.11391912302829292,0.0002802821506983697,0.06571059310817334
novy-jicin,9.67,0.150,0.144,0.0041460755524784934,0.18947804012382521,0.10048463723828395,0.17246782014398207,0.0,0.016115571904295054,0.011813224653827144,0.0,0.05462603608786187,0.0016123674253165992,0.00046183388564344805,0.008969300200128018,0.4213059365910177,0.08906912113821797,0.10918725338475624,0.002341578823700991,0.001101919446447525,0.01549979339010379,0.03607975952228551,0.04824948752643391,0.005055865695465116,0.0026170586853128722,0.0,0.0010857147487056498,0.0,0.13613566572949498,0.0,0.03867251116098557
zdar-nad-sazavou,10.62,0.150,0.156,0.003669005448221789,0.1854305301461571,0.10223960113387347,0.3200419727177335,0.0,0.013655158155881746,0.012662807525325614,0.0,0.08929088277858177,0.0013748191027496382,0.0002790986148439115,0.01842050857969816,0.3506305561298325,0.10003101095720487,0.10116807938805045,0.001447178002894356,0.0015195369030390738,0.013582799255737027,0.041926814140996485,0.038308869133760595,0.003783336778995245,0.0037316518503204468,0.0005168492867479843,0.0,0.0,0.15375232582179035,0.0,0.05391771759354972
brno-mesto,8.93,0.131,0.179,0.0026398857336298875,0.12899212191580278,0.23634549541657635,0.16804823885176193,0.0,0.031716681433542636,0.020673626359515647,0.0,0.05196014227563979,0.0006388278952707474,0.00025039485342270504,0.007913119406243178,0.40113897556403044,0.06146551613441709,0.10328145665600884,0.0015312608343926962,0.0008089679879810471,0.016991537938030484,0.056849262298239535,0.03165568781540121,0.00314919681035479,0.0020545218742375796,0.0,0.0009309552242639034,0.0,0.12439808929465695,0.0,0.0825917793443507
karlovy-vary,10.14,0.139,0.156,0.00775682600688606,0.20164744975578508,0.08495476018896629,0.07257072570725707,0.0,0.012106304475696487,0.010042243730281803,0.0,0.019817122079033207,0.0020854499759371155,0.000973209988770654,0.006812469921394578,0.45904497085717344,0.07973905138762633,0.12031442168867974,0.002010587669108604,0.0017646115181006363,0.01627720442757072,0.040650232607881934,0.04358055718945511,0.007154697609753489,0.001871557670712796,0.0,0.0012940484466071333,0.0,0.10460403186995348,0.0,0.06985722688626277
praha-zapad,4.44,0.185,0.124,0.003037757650303776,0.12965447836296545,0.208039807670804,0.09497755865611021,0.0,0.03493560063978449,0.022424025591379747,0.0,0.028621937873558382,0.0015047562926172237,0.00034725145214243626,0.007176530010943682,0.32646897887027526,0.05870654095462581,0.13659609394730196,0.003977607542722451,0.0019151443724219211,0.019972219883828603,0.07559558885428067,0.030452900075763952,0.00334624126609984,0.0031989224682212308,0.0003788197659735668,0.001431096893677919,0.0,0.07799478070544659,0.00034725145214243626,0.1646077110867918
breclav,11.45,0.140,0.148,0.005335365853658537,0.2244973632168754,0.08540705339485827,0.21340447406672103,0.0,0.01242569874794486,0.014017115635934404,0.0,0.05424518359259728,0.0007166645588297289,0.0002950971712828296,0.008041397917457106,0.43808228995404913,0.09391467476076051,0.10664600986467687,0.0014333291176594578,0.002139454491800514,0.011740651743181148,0.03469499599510982,0.04279962902069896,0.0031617554066017454,0.0017705830276969774,0.0,0.001064457653555921,0.0,0.12828295603052148,0.0,0.04452805530964125
benesov,6.67,0.147,0.156,0.006189550365466492,0.1751778111387296,0.09756847882263185,0.15021108538744382,0.0,0.017525218905217882,0.015156946080188438,0.0,0.03882687285575298,0.002419478723948999,0.0004480516155461109,0.006810384556300886,0.3792308873982283,0.09424445696144196,0.12614573198832504,0.00275231706692611,0.0020354344820523325,0.01572021096830355,0.04758308157099698,0.04565005888678376,0.004480516155461109,0.003149162783552665,0.00040964719135644427,0.0015105740181268882,0.0,0.12421270930411184,0.00017922064621844435,0.0715090378411593
chomutov,15.09,0.152,0.126,0.009252662186362674,0.23064258342801025,0.06449904681211607,0.051933167972363435,0.0,0.012658987881395791,0.009416685846951335,0.0,0.009016401645168069,0.001901349958470514,0.00043030551691701106,0.007885598775130342,0.5145052987621211,0.10122186752594342,0.09912037546658127,0.003112209668864894,0.0022015631098079636,0.010397382141320338,0.024957719981186642,0.04449158902821003,0.007585385623792893,0.0015110728617318296,0.0,0.0010207247145473286,0.0,0.11286013069279188,0.0,0.03570535079906734
prostejov,10.88,0.144,0.164,0.00418850440009983,0.17468016536996647,0.10049155245938995,0.18022603584309144,0.0,0.010999709061611799,0.00999261464091489,0.0,0.050354721034845465,0.001510641631045364,0.0007497258465188103,0.009332408298458026,0.4102007474878589,0.10266768122104604,0.10989638117404829,0.0015665913210840812,0.0010854239867511134,0.010787100239464673,0.030940178591410603,0.05607277935680236,0.006243985408320838,0.0012868428708904952,0.0,0.002965333572052011,0.0,0.141485576169908,0.0,0.0418615580869682
olomouc,10.52,0.144,0.156,0.00430767983296338,0.17074122500278732,0.1445251923252349,0.15394430748932328,0.0,0.017040505513881043,0.012241924500213799,0.0,0.046301819659928946,0.0014569948952388996,0.00025866938357502206,0.008984801853973214,0.411405736125555,0.09119415512772461,0.11490199597742713,0.002496951396550723,0.0011824886106286722,0.014944755610222191,0.040864483637841745,0.046935295701337164,0.004170383939270763,0.0022224451119404955,0.0,0.001842359487095565,0.0,0.12670576621566693,0.0,0.05484846725192814
bruntal,17.97,0.146,0.138,0.00938331011776624,0.22207167278713436,0.0764340888945169,0.10340586667817418,0.0,0.009407551262326919,0.00731418194658125,0.0,0.019811344548412317,0.0015132790234306036,0.0004665943655577694,0.0073267926051098385,0.47494262150369493,0.11590456253625564,0.09669852959721556,0.0020555373401599034,0.0018537668037024893,0.011147822139272113,0.025006935862190723,0.052233347625413,0.006481878483694419,0.0025221317057176726,0.0,0.0009331887311155388,0.0,0.1371787434739842,0.0,0.027201190446165098
pribram,10.30,0.144,0.155,0.004076269695935111,0.18795327808642934,0.09382662404171452,0.12452134449014324,0.0,0.018657038154774735,0.012675145505496874,0.0,0.03464108644104333,0.002802328087949989,0.0004526837680534598,0.007975856865703816,0.38190342746281525,0.10421427031687863,0.119271394697133,0.0036538046992886397,0.002274197025220953,0.017978012502694547,0.04214270316878638,0.0424876050873033,0.004753179564561328,0.004138823022203061,0.0006466910972192282,0.0013472731192067256,0.0,0.12416469066609183,0.00038801465833153696,0.07343177408924337
melnik,8.51,0.151,0.146,0.004673947238326368,0.1784301829131275,0.0883331086243315,0.06592839602900849,0.0,0.018271918368343323,0.01496417629899059,0.0,0.01786913058868044,0.001769825092458104,0.00040278777966287885,0.006578867067827021,0.4351694760097157,0.09087136423000403,0.11496539686801988,0.0034786217334521353,0.003393181901402434,0.016831646913791208,0.04778527749636881,0.036787950542542934,0.005944171172600666,0.0021237901109497246,0.0005614617534694675,0.0011107178166461205,0.0,0.1030404374519401,0.00032955363790599176,0.07775024716522842
plzen-sever,7.29,0.154,0.146,0.0036378525646073166,0.206711916723098,0.08376509866297108,0.061369095276220975,0.0,0.011676168020542305,0.013597971608985644,0.0,0.021705075822418887,0.0017764570985610698,0.0005006379095944832,0.005878458035238449,0.4292404838423152,0.0922627218552672,0.11490447505692737,0.0024062918880509037,0.002567787987920092,0.018313657725165938,0.056119894704542886,0.03541609470131296,0.006120702185042231,0.0028261817477107927,0.0,0.001405016068861937,0.0,0.12498183168876471,0.0,0.058300092052776926
semily,10.04,0.144,0.170,0.0038547565792604577,0.1838068497279462,0.09130855502149463,0.10762855784253787,0.0,0.01699813853237974,0.015659188138858953,0.0,0.0319062081578002,0.002775872767055289,0.0006368178700891545,0.006302864047549068,0.3701871264818262,0.07262989451683485,0.12150158388034356,0.0023349988569935664,0.002955488063747102,0.020378171842852944,0.047516410306652296,0.05718297900133895,0.004980242317363901,0.008180660331145293,0.0,0.0,0.0,0.10166225792756604,0.0002449299500342902,0.11596616700956859
most,16.02,0.150,0.139,0.008452801694755277,0.23196962864304216,0.0747957589168668,0.04224558264370387,0.0,0.014309360979222023,0.010051400444308925,0.0,0.00787341551596463,0.0013939103541403494,0.0007078451017118962,0.005847889532604435,0.5102800888617851,0.10493531384762818,0.11459467700483512,0.002493792742954219,0.0011761118613059197,0.009561353835431458,0.02620115868798188,0.03555560395522063,0.010301868711068519,0.002275994250119789,0.0,0.0011107723134555908,0.0,0.10902992551291545,0.0,0.03229951648734591
jindrichuv-hradec,8.17,0.144,0.155,0.005684974869826996,0.20859981653035647,0.08502913549620786,0.1313076685356055,0.0,0.013634337554734,0.010553501664962375,0.0,0.044049398253756,0.002268019612470175,0.00038018825873777497,0.007040037756627074,0.40525446393455516,0.10636094286688166,0.08661737329243033,0.003526573848291775,0.00222868979260075,0.015194420409554524,0.046081438947009626,0.043026822937150946,0.00401164162668135,0.0030939458297281,0.0,0.000878365977083825,0.0,0.14354073258344477,0.0,0.062259104853299774
pelhrimov,6.74,0.139,0.174,0.006344582018289229,0.18561139435137977,0.08767500202314478,0.20435520204688934,0.0,0.014748713085884584,0.014308452993768626,0.0,0.052357084800866975,0.0015409103224058522,0.0003386616093199675,0.007890815497155243,0.37142712002167433,0.10364738553237605,0.093623001896505,0.0016086426442698456,0.0019811704145218097,0.014934976971010566,0.04746342454619344,0.037947033324302354,0.0041655377946356,0.0025399620698997563,0.0007958547819019236,0.0,0.0,0.16565632619886209,0.0,0.06302492549444595
cesky-krumlov,10.76,0.159,0.128,0.0064424890006285354,0.22008563796354494,0.0792543997485858,0.12119108995968009,0.0,0.01319103257503819,0.00988811362041204,0.0,0.03699269229181289,0.001403740555716114,0.0004335081127946823,0.006131043309524792,0.4441393831798852,0.09469055778043846,0.10111060649849304,0.0045415135626109574,0.0016927459642459024,0.012633665001445027,0.04149291936749102,0.0408529788200322,0.007369637917509599,0.004520870319144544,0.0,0.0008463729821229512,0.0,0.11035877957144627,0.0,0.06770983856983609
liberec,9.85,0.151,0.146,0.0053237888207357765,0.17695194051756366,0.11570413857081539,0.07157489492459294,0.0,0.014534840759624622,0.015081652257444764,0.0,0.01547328751939703,0.0017586640065026232,0.0005394221532550062,0.008926328234685584,0.4208896770856425,0.08101677381216286,0.1291214069312052,0.0022020246804108474,0.0022020246804108474,0.01718761545850883,0.036784157245252344,0.040870464789773145,0.004928692824946427,0.016699918717209782,0.0,0.0,0.0,0.0963127170619966,0.000406413951082539,0.09506391783048844
hradec-kralove,8.22,0.140,0.173,0.004107830551989731,0.15375124803879617,0.1426330052774212,0.09724519091853609,0.0,0.01876211102245526,0.018503742543409703,0.0,0.03773699608647745,0.0013678331243588283,0.0005623313955697405,0.007477487746494928,0.3641551730688856,0.08907633268741214,0.13434401003077626,0.0022037311448003345,0.0018237774991451043,0.015023367149207796,0.04383145256278734,0.043367909115087956,0.004301075268817204,0.006208442570006459,0.0008738933850070291,0.0,0.0,0.11539952125840647,0.0,0.09498081234089441
praha-vychod,3.58,0.179,0.128,0.0023690444853908922,0.1361039282783395,0.1651750460647539,0.08536011097959859,0.0,0.027887968333661764,0.021299382266507877,0.0,0.028864689805255448,0.0021162298551196486,0.0004883607357968419,0.006657127924809582,0.34568229135430145,0.06332410874165717,0.140305182621212,0.0039068858863747355,0.002090526658498762,0.019491590770838868,0.07277431736593641,0.033045743122252974,0.004026834137272206,0.0026902679129861117,0.00044552207476203126,0.0016450045837367307,0.0,0.08674828859549166,0.0003941156815202584,0.1361155615720075
usti-nad-orlici,9.04,0.153,0.151,0.004430778797902937,0.18719824496247225,0.08777778737443967,0.14329482304767477,0.0007223998121760488,0.014619566198912788,0.014971736107348612,0.0,0.05894782467356559,0.002411009373137563,0.0002618699319138177,0.013662386447779524,0.37478102255693413,0.07894926947318993,0.10756533203301367,0.0019143595022665294,0.0026909393003557817,0.018285745245706236,0.042991818822127104,0.05244622636398114,0.005354788607754962,0.004695598779144317,0.0,0.001390619638438894,0.0,0.12470426757689043,0.0,0.07863321955536291
cheb,9.05,0.151,0.138,0.009543622415810688,0.22470419971395136,0.06752047848134182,0.0798554131370027,0.0,0.012775214421304956,0.010211857948483463,0.0,0.019911044602402627,0.0016350057502320877,0.0009560626844577462,0.007509941666320267,0.49194274708678,0.09581410815978718,0.10602596610827064,0.0021753890066647267,0.0011500464175361294,0.019620069002785054,0.03145307672056643,0.04032090451843538,0.005667096202075626,0.0015518698646270663,0.0,0.0011916143603386401,0.0,0.10551329481370633,0.0,0.044574690665225646
trebic,13.40,0.144,0.155,0.0034520995041529804,0.19770069251208236,0.0947967445655585,0.24129533632367292,0.0,0.013231386584241635,0.01161542215714983,0.0,0.06794642372973266,0.001778645409684941,0.0003578981617048967,0.008806463857708367,0.3760208231657719,0.11793286698118323,0.10658857979502197,0.00200639878531533,0.0012906024619055367,0.014142400086763192,0.03298085787104821,0.04855485060463099,0.00368743560544439,0.001702727617808145,0.0005748061384957432,0.0,0.0,0.13990564503009598,0.0,0.05087576595629304
svitavy,11.53,0.151,0.152,0.004681006530574965,0.2030529296250628,0.08166643832488468,0.18632379291975398,0.0005295176682395303,0.014391113516821012,0.010731558076321146,0.0,0.05912947295341421,0.0018238941906028264,0.0004118470752974124,0.01155525222691597,0.4058458750573644,0.09993763458574068,0.09879622983420214,0.0019768659614275794,0.0029652989421413696,0.015273642963886894,0.041643622842215504,0.038913665085958365,0.005530517868279538,0.0024357812739018393,0.0,0.0009178306249485192,0.0,0.13646258663497404,0.0,0.050727792617347
frydek-mistek,9.34,0.146,0.151,0.0047549398855877886,0.18058606610608824,0.11722451561167614,0.2671547392133079,0.0,0.013259796136409575,0.009725390546042562,0.0,0.06057000952903468,0.0011492593341226069,0.00043313793999595737,0.015494787906788715,0.418538303831827,0.08879905287170455,0.10618232219687564,0.0020848372845138747,0.0010453062285235772,0.013202044411076782,0.03130143513037452,0.04463053333718345,0.0035517311079668505,0.0022985186682452138,0.0,0.0010684069186566948,0.0,0.15152897692818573,0.0,0.035136149692472064
vsetin,11.95,0.144,0.157,0.0041229138549656015,0.189431844366174,0.1056074920175121,0.2825235219772504,0.0,0.01781535441986865,0.013680246261207988,0.0,0.07960712278671062,0.0013252476451691367,0.0004697080261358966,0.011063301544165136,0.41472702414802515,0.06529780327621348,0.12063108628368688,0.0015684893015609404,0.0012245959252828733,0.012606627915754511,0.037811496103939676,0.05476292326145123,0.003170529176417302,0.0016439780914756382,0.0,0.0010568430588057673,0.0,0.11116143697105424,0.0,0.05037618580307491
jesenik,16.44,0.141,0.145,0.010349405588075554,0.21950998732725846,0.07920463460261903,0.11413393847185332,0.0,0.01180807384541613,0.0100098900110888,0.0,0.02793178889321785,0.0017981838343273293,0.0008091827254472982,0.008121796985045105,0.44930620073725536,0.11181706476458776,0.10648245272275002,0.001708274642610963,0.001738244373183085,0.011238648964545808,0.02751221266520814,0.0561333053615848,0.005364581772409866,0.001738244373183085,0.0,0.0011388497617406419,0.0,0.13108760152246232,0.0,0.03425540204393562
usti-nad-labem,14.13,0.157,0.140,0.0067773263996326865,0.19364787846726622,0.09991316238633755,0.05117231112765166,0.0,0.01637721303015303,0.012680491632349999,0.0,0.010616225552665115,0.0021485218380393684,0.0009162813721050248,0.009257601449199043,0.48119516793225836,0.09693624998683503,0.1205699902052681,0.003865232914512001,0.0011795806169627905,0.01289113102823621,0.03342847212714194,0.03593508093818787,0.007888445375938661,0.004360235494844601,0.0,0.0009057494023107142,0.0,0.09811583060379783,0.0,0.050732498499194305
beroun,7.17,0.155,0.153,0.0038927039214879996,0.16645421275545869,0.10441767068273092,0.0677924791086351,0.0,0.021239579557810803,0.015121420804639362,0.0,0.020224719101123594,0.0020732149329467198,0.0003769481696266763,0.005857194635737586,0.38495106922798117,0.09816600217470098,0.12278361725262776,0.003450525552736499,0.0019282348677056905,0.017557085900688656,0.054976440739398336,0.03469372961217833,0.004160927872417543,0.003204059441826749,0.00046393620877129395,0.0015222906850308083,0.0,0.12181225081551286,0.0004784342152953969,0.08495831823124321
plzen-mesto,6.26,0.130,0.177,0.003094164940918504,0.14030941649409184,0.15568278718479717,0.08853200031907256,0.0,0.016277587119002727,0.01744414752919792,0.0,0.02937426242183367,0.0011936897220602,0.0005968448610301,0.004971446399262083,0.4111379389861776,0.06966129054136541,0.11120983166261987,0.0021364333093691077,0.001600629400035268,0.019723009725858304,0.0663311675099361,0.029625208556584962,0.004801888200105804,0.004137220059413193,0.0,0.0016141940559677704,0.0,0.11938931918991874,0.0,0.08877389075026113
vyskov,8.74,0.146,0.153,0.003627473126137738,0.19059514476673886,0.10772133565420747,0.18807995099484992,0.0,0.013320191109833394,0.011882760414527634,0.0,0.05929059372732624,0.0015743288567634536,0.00020534724218653744,0.008104371158295345,0.39400659849138225,0.10550741303544293,0.09770421783235451,0.0012868427177023013,0.0010814954755157637,0.014689172724410312,0.03144550768683176,0.043766342218024015,0.0039015976015442113,0.0015332594083261463,0.0,0.0012457732692649937,0.0,0.17312141497939681,0.0,0.036332772050871355
opava,11.23,0.147,0.150,0.0070090950554020336,0.19493332975612374,0.10761811498940252,0.2756448007135547,0.0,0.01512068263811764,0.01020232190774452,0.0,0.054515855332592934,0.001317541233522112,0.000275924865659081,0.010347182462215538,0.4233308270158036,0.08397773286334131,0.11232901280981189,0.0028351279946470576,0.001083005097711893,0.013092634875523396,0.034338849531272635,0.04573454648299268,0.005766829692274793,0.0030213772789669372,0.0,0.0011450881924851863,0.0,0.13654141977139625,0.0,0.04502403995392055
jablonec-nad-nisou,9.33,0.147,0.153,0.005775511829841472,0.185679386069731,0.09481133328022517,0.0667687074829932,0.0,0.012862446348969762,0.013800908099752963,0.0,0.015898646130915413,0.0021943443878607214,0.00037262451869333004,0.008584164838046344,0.4120399122262245,0.07318621565298997,0.13469686305358894,0.002277149836459239,0.0015042989828730731,0.023433941953380534,0.051960418995569906,0.048109965635738834,0.0066382367959811756,0.009412219324031522,0.0,0.0,0.0,0.0915414234256614,0.0009246608426834485,0.09056155895057895
ceske-budejovice,6.77,0.145,0.152,0.003434272535846786,0.15797653664895217,0.14513561616364185,0.13754545162016926,0.0,0.017168029052579137,0.01815786196091799,0.0,0.04285124319080177,0.0015208028790371743,0.0003474247956421131,0.005683345241919096,0.3812298837765731,0.09054676796612281,0.1108678409187747,0.003113712791132146,0.0024057528302010474,0.013248028528164351,0.05223171267313882,0.04462114309312951,0.005244147858748878,0.0050933786078098476,0.0,0.0009242810601044896,0.0,0.11374556705626315,0.0,0.09099907571893989
strakonice,9.61,0.142,0.162,0.006473191999201252,0.18324624754551203,0.08892734715612208,0.13019803398962543,0.0,0.012598259404828747,0.010966451431779899,0.0,0.04002316114542392,0.0018950028074115664,0.0004912970241437394,0.0060885738349242,0.40395143177989895,0.09976838854576081,0.10624298147108366,0.003070606400898372,0.0022108366086468277,0.015458309938236945,0.045585345311622685,0.04295339696799551,0.006351768669286917,0.0047199606962380685,0.0,0.0008246771476698484,0.0,0.1273862998315553,0.0,0.06941325098259404
prerov,12.76,0.141,0.163,0.006346733983224571,0.18543384268335258,0.1041347763425267,0.19237865346473762,0.0,0.012014872914277257,0.01037774242480299,0.0,0.04939139442820674,0.002284583225424544,0.00038847164157016536,0.009221576824891782,0.41315808945946947,0.10140959709941175,0.12721521328942986,0.0013319027710977098,0.0013689000702948684,0.012421843205446002,0.03343630914943209,0.05445077509341818,0.005336860409190129,0.0026915535165932887,0.0,0.001378149395094158,0.0,0.12460690369603018,0.0,0.037515261385918826
rychnov-nad-kneznou,7.30,0.152,0.159,0.006954545454545455,0.17616666666666667,0.08833333333333333,0.12195968083876191,0.0,0.014954680406541103,0.015504484833252171,0.0,0.052404216214517976,0.0023563046859045853,0.0004555522392748865,0.008404153379726354,0.38101446771077147,0.0979437314441006,0.11849070830518858,0.001743665467569393,0.0022934698942804633,0.016069997957869273,0.04145525377401467,0.055435994910381876,0.005356665985956424,0.004115678851380009,0.0006126392183351922,0.0,0.0,0.11373097283966133,0.0,0.06765736188127366
trutnov,10.82,0.146,0.156,0.00481254827401818,0.19601726972055533,0.07998138355811697,0.07969604143043309,0.0,0.018659041004953275,0.01596282489914722,0.0,0.02756472450594904,0.002634938467037737,0.0005412858091201553,0.006199254455394985,0.41084614206199255,0.08450186386151254,0.1179798805086044,0.002491957309911658,0.0013991727518766278,0.01589133432058418,0.05434305264770464,0.051575345963335545,0.007782260123576572,0.003942194760761885,0.0007455446050145534,0.0,0.0,0.10892100291068785,0.0,0.06801817903283461
tabor,9.83,0.141,0.168,0.0029024232930986824,0.17521652999170736,0.10857596977794158,0.13598378084359392,0.0,0.015191137314568276,0.014608691517687334,0.0,0.03549353366298973,0.0016760174971472042,0.00028527957398250285,0.0060978508938759985,0.3834038607835679,0.10092953594522633,0.11039130848231267,0.003340148345378471,0.0021039368581209587,0.01572603651578547,0.04854507417268924,0.040319513122860404,0.004005800684670977,0.0038275009509319132,0.0,0.0008796120197793837,0.0,0.13679155572461013,0.0,0.07638360593381514
pisek,7.86,0.140,0.173,0.004536054966313121,0.1764391968514442,0.10179440997932093,0.14548344143292813,0.0,0.015045757716767489,0.012943143236302846,0.0,0.035606569808524204,0.0019130344863243886,0.00032745635351498546,0.007565965220688348,0.3950330041535253,0.10721610395877497,0.09327335711700532,0.0038605380624924597,0.002085379935542802,0.014614894093721456,0.049790600279199626,0.041104389638591594,0.005928683453113421,0.003981179876945349,0.0,0.0010857763300760044,0.0,0.12376126708374266,0.0,0.08486289919514675
sumperk,12.82,0.144,0.155,0.004985679431420388,0.2066983615726588,0.09106338659749076,0.16236737318526945,0.0,0.011775040467448379,0.012258675826128154,0.0,0.046063800386908285,0.002803111058470528,0.0003948043744324687,0.009031150065142721,0.419479647834498,0.10637016858146789,0.10772237356389909,0.0023293458091515652,0.0010067511548027953,0.012150104623159224,0.03324252832721387,0.05300248726755893,0.0042638872438706624,0.003533499151170595,0.0,0.001470646294760946,0.0,0.13086778001500257,0.0,0.04223419795491334
rokycany,6.10,0.138,0.167,0.0044175432601957386,0.18055792839186782,0.08547091987406341,0.06700661637658561,0.0,0.011624294516646818,0.012219748356029618,0.0,0.02076321648630456,0.001708693626054989,0.0005436752446538601,0.006886553098948894,0.4216848754724797,0.10562833324703567,0.10725935898099725,0.00328794076528763,0.0019416973023352146,0.01807072956039973,0.06619893336094858,0.03197328224511987,0.005126080878164967,0.002977269196913996,0.0,0.001475689949774763,0.0,0.1264174390307047,0.0,0.054212188681199196
sokolov,13.82,0.153,0.135,0.008392721956822512,0.2531782702900253,0.05245777534132143,0.06143773412923378,0.0,0.010038651492377067,0.009622611123040584,0.0,0.011219669315009662,0.0016238995061198197,0.000590508911316298,0.005448786772600386,0.5245866437620786,0.08252362035645265,0.09736686708181233,0.0017178441056474125,0.003153854412712046,0.012816727506978742,0.029310715052608977,0.04348292892420013,0.01080362894567318,0.0012883830792355595,0.0,0.0012212797938587073,0.0,0.11795415503543054,0.0,0.03522922482284733
blansko,9.37,0.145,0.162,0.003978456491865774,0.17065251119287203,0.11046588944545414,0.24037915767964582,0.0,0.016013499552310764,0.01219092223982368,0.0,0.08021672750648576,0.001388984548981794,0.00019514658952636774,0.011043001124962693,0.36182473540418303,0.10250935555708612,0.10107445416350988,0.0011938379594554262,0.0018711114172234083,0.015519893472920541,0.03556259613839337,0.03999357164175678,0.003822577312487086,0.0020088619510067267,0.0,0.0008953784695915697,0.0,0.1681130472713915,0.0,0.044562297678903504
